maker_model,body_type,type,seat,door,mileage,non_smoker_vehicle,power,gearbox,engine_size,fuel_type,emission_classe,colour,upholstery_colour,upholstery,price (â‚¬),car_age,inspection_interval
30,12,5,5,4,56000,0,210,0,2967,4,7,6,3,1,74960,2,0
798,18,5,5,5,118630,0,140,0,1968,3,5,7,1,0,22970,5,0
736,18,5,3,4,60000,1,90,0,1968,3,5,11,1,3,27999,3,-1
97,13,5,5,4,78918,1,250,0,2998,11,5,1,0,1,38499,5,0
430,13,5,5,5,39700,0,235,0,1991,10,7,10,1,3,38560,3,0
160,2,5,3,4,90330,1,54,0,1360,16,5,7,1,0,6950,18,0
684,8,2,5,5,25,1,81,0,999,26,7,12,1,2,26990,1,-2
243,4,5,4,2,21998,1,343,0,5038,11,5,1,1,1,39922,3,0
414,12,5,5,4,11506,1,225,0,1991,17,5,12,1,1,47480,2,0
642,4,5,4,2,53076,1,294,0,3800,16,4,4,0,1,94880,11,-1
775,8,5,5,5,11,1,110,0,1498,20,7,1,1,0,29440,0,0
401,14,5,8,4,78341,1,100,0,2143,4,5,2,1,2,33880,5,0
674,18,5,3,2,21440,0,88,1,1996,3,8,12,1,0,24990,2,-1
702,13,5,5,5,11000,0,160,0,1395,10,5,12,1,0,28970,3,0
462,12,5,5,4,98000,1,180,0,1950,3,8,12,1,3,38990,3,0
796,8,5,5,5,6000,0,147,0,1968,4,7,7,1,5,43670,3,0
752,12,5,5,5,40150,0,180,0,1984,20,7,12,1,0,29788,3,0
480,8,1,5,5,9950,1,243,0,2925,4,7,1,3,1,174489,1,-2
816,8,5,7,5,79987,1,173,0,1969,4,5,7,1,1,51880,4,0
794,8,5,5,5,8025,1,70,1,999,20,7,7,1,0,20774,1,0
26,12,5,5,5,98505,1,140,0,1984,16,5,12,1,0,26980,4,-1
236,12,5,5,4,159000,0,92,1,998,16,4,1,1,0,6499,10,-1
768,13,5,5,4,126478,1,110,0,1498,25,5,1,1,0,16899,4,-1
87,4,5,5,5,51870,1,140,1,1995,4,5,12,1,5,28700,4,0
651,8,5,5,4,79583,1,324,0,3604,16,5,12,1,1,64880,6,0
708,2,5,5,4,41335,1,51,1,998,16,5,2,1,0,5750,14,0
608,13,5,5,5,52479,1,128,0,1995,4,7,1,1,0,24480,2,0
247,18,5,5,5,129000,1,110,0,1997,4,8,7,1,0,19985,4,-1
651,8,5,5,4,73000,1,193,0,2967,3,5,10,1,3,41500,8,-1
698,13,5,5,4,124000,1,135,0,1968,3,4,7,1,1,17499,8,0
497,8,5,5,4,37000,1,190,0,1991,11,7,1,1,5,48990,2,0
460,4,5,4,2,71147,1,155,0,1991,16,5,2,1,1,28880,6,0
745,13,5,5,5,12500,1,235,0,1984,29,7,1,1,1,50400,2,0
188,2,3,5,4,0,0,67,0,999,16,7,7,1,0,21490,1,0
598,12,5,5,5,29900,1,107,1,1199,12,7,10,1,3,17980,2,0
752,13,5,5,5,175464,1,85,1,1598,4,8,12,1,0,12950,4,0
758,13,3,5,5,10,0,96,0,1498,20,7,12,1,0,33490,1,0
778,18,5,7,4,328949,1,111,1,2461,3,5,2,4,0,12950,24,0
123,8,1,5,5,26100,1,250,0,2993,4,7,1,1,1,76989,1,-2
752,12,5,5,5,59000,1,92,1,1395,20,5,12,1,0,16930,5,0
279,12,5,5,5,84000,1,88,1,998,20,5,1,1,1,13990,6,0
329,8,5,5,4,38100,1,132,0,1999,4,8,1,1,1,32480,4,0
91,13,5,5,5,54500,1,140,0,1995,4,5,12,5,0,36670,4,-1
131,3,3,2,2,0,1,250,0,2998,27,7,12,2,1,69540,1,0
97,13,5,5,4,21114,1,250,0,2998,11,6,1,3,1,50999,4,0
696,8,5,5,5,76950,0,110,0,1498,20,8,10,1,0,24980,4,-1
333,8,3,5,5,10,1,184,0,1997,26,7,12,0,1,85099,1,0
32,8,5,5,5,8293,1,110,0,1500,21,7,1,1,0,31890,1,-2
669,13,3,5,5,10,1,85,1,1461,4,7,2,1,0,30897,1,0
432,12,5,5,4,133502,1,245,0,2996,16,8,2,1,1,33880,4,0
83,13,5,5,5,87443,0,195,0,2993,4,5,7,1,0,39590,4,-1
818,12,5,4,4,40000,1,60,0,1968,10,5,2,1,1,13880,4,0
602,2,5,5,5,7535,1,55,1,1199,25,7,12,1,0,14990,2,0
798,18,5,5,5,10000,0,110,0,1498,11,7,7,1,0,29570,3,0
752,12,5,5,5,41190,1,180,0,1984,20,8,12,1,0,26940,3,-2
611,8,5,5,5,4687,1,96,1,1199,16,7,6,1,5,22390,2,-1
607,8,5,5,4,68000,0,96,0,1199,16,5,2,1,0,18390,6,0
752,13,5,5,5,168099,1,85,1,1598,4,5,1,1,5,11400,6,0
24,13,2,5,5,7500,1,150,0,1984,20,7,1,1,1,59790,1,0
774,8,5,5,5,89980,1,70,0,999,26,8,12,1,0,19400,4,0
24,12,5,5,5,10895,1,100,0,1968,4,8,1,4,0,29490,3,0
456,13,1,5,5,8000,1,145,0,1991,20,5,1,1,3,46740,1,0
236,13,5,5,5,62267,0,110,0,1995,4,7,7,1,1,19900,4,0
381,13,5,5,5,37500,1,85,0,1496,4,8,7,1,1,22940,4,0
601,18,5,5,5,10,0,75,1,1499,4,7,2,1,0,26850,0,0
775,8,3,5,5,10,0,110,0,1498,20,7,1,1,0,29980,1,0
802,2,5,4,2,43490,1,55,1,999,11,8,10,1,0,10200,4,-1
611,12,1,5,5,8000,1,74,1,1199,26,7,1,1,0,25990,0,0
796,8,5,5,5,12098,1,110,0,1500,21,7,1,1,0,36890,2,-1
117,8,5,5,5,39000,1,141,0,1998,21,5,1,1,0,26820,4,0
27,12,5,5,5,83227,1,180,0,1984,21,8,12,1,0,37950,4,-1
255,0,5,3,5,153717,0,110,0,2998,3,4,12,1,0,13950,11,0
797,8,3,5,5,0,0,170,0,2967,4,7,12,1,1,77990,1,0
358,2,5,5,5,128478,1,135,0,1598,20,4,1,1,1,13990,12,-1
681,4,5,5,3,126976,1,132,0,1390,21,4,12,1,1,10990,10,-2
360,12,5,5,4,100000,1,85,0,1496,3,5,2,1,3,18499,4,-1
411,13,5,5,4,95000,1,120,0,1332,16,7,9,1,1,26497,5,0
246,8,5,5,4,34200,0,156,0,1996,4,5,7,5,3,38990,4,0
179,8,2,5,5,25,1,110,0,1498,21,7,7,1,3,35890,1,-2
33,8,5,5,4,70000,1,140,0,1984,16,8,1,1,1,35990,4,-1
797,8,5,5,4,94425,0,150,0,2967,3,4,1,1,1,26990,9,0
23,13,5,5,4,83000,1,110,0,1498,11,8,1,1,0,19890,3,0
91,13,5,5,5,42829,1,140,0,1995,4,8,1,1,1,37900,3,0
794,8,5,5,5,10,1,110,0,1498,20,7,7,1,0,31390,0,0
462,13,5,5,5,57646,1,143,0,1950,10,7,2,1,1,45845,3,0
26,4,5,5,5,39900,1,140,0,1968,4,5,6,1,5,46970,3,0
608,13,1,5,5,1950,0,169,0,1998,26,7,12,1,1,47440,1,0
184,8,3,5,4,0,1,96,1,1332,20,7,8,1,0,22690,1,0
72,12,5,5,5,5994,0,115,0,1499,16,5,1,1,0,39980,2,-1
645,4,5,2,2,15990,1,368,0,3996,27,5,10,1,1,188889,6,-1
33,8,5,5,4,15556,1,110,0,1498,21,7,1,1,3,42490,1,-2
430,13,5,5,5,99425,1,143,0,1950,10,8,1,1,0,29999,4,-1
95,12,5,5,4,90925,1,185,0,1998,25,5,12,1,1,33900,4,0
768,13,5,5,5,263700,0,103,0,1968,4,4,7,1,0,6985,12,0
768,13,3,5,5,10,0,110,0,1498,20,7,1,1,1,43880,1,0
560,13,5,5,5,93258,0,120,0,1950,4,5,2,1,0,39865,3,0
628,2,5,5,4,49000,1,60,1,1199,16,8,2,1,0,11480,5,-1
238,18,5,5,5,88637,1,125,0,1997,4,5,1,1,2,17780,6,0
774,8,5,5,5,25100,1,81,1,999,20,5,12,1,0,19990,1,-2
775,8,5,5,5,13000,1,110,1,1500,20,7,12,1,0,25900,2,-1
637,18,4,5,5,25,1,96,0,1200,21,8,2,1,0,32750,1,0
773,18,5,7,5,21290,1,110,1,1395,20,7,7,1,0,35450,1,0
321,8,4,5,5,15,1,118,0,1482,20,7,7,1,3,27990,0,-1
107,12,5,5,4,72986,1,448,0,6592,11,5,7,1,1,140000,4,-1
181,13,5,5,5,16990,1,180,0,1395,10,7,7,1,3,31840,2,-1
560,13,5,8,4,78341,1,100,0,2143,4,5,2,1,2,33880,5,0
521,8,5,5,4,267000,0,165,0,2987,3,3,10,1,1,8990,16,-2
272,8,1,5,5,15000,1,160,0,1968,10,5,7,0,1,53990,1,-2
95,13,5,5,4,98110,1,195,0,2993,3,5,1,1,1,33499,4,-1
212,2,5,4,2,7602,1,87,0,1968,10,5,12,1,2,24480,2,0
533,12,5,5,4,47270,1,270,0,2996,17,8,1,1,1,76780,4,0
86,12,5,5,5,49189,1,110,0,1995,4,8,1,0,1,25400,4,0
410,12,5,5,4,14000,1,100,0,1332,11,7,1,1,3,26800,3,0
438,13,5,5,4,164000,1,80,1,1461,3,5,7,1,3,16780,8,-2
774,8,5,5,5,11729,0,81,1,999,20,5,7,1,2,23890,1,0
430,13,5,5,4,96192,1,180,0,1950,3,5,1,4,3,37790,4,0
753,12,5,5,5,26800,1,110,0,1395,20,5,12,1,0,30950,2,-1
62,12,2,5,5,17749,0,195,0,1998,20,7,1,6,0,38490,1,0
767,13,5,5,5,102000,0,140,0,1968,4,5,12,1,0,26490,5,0
439,13,5,5,4,79000,1,110,0,1950,3,7,7,1,3,28490,4,0
795,8,5,5,5,6000,0,110,0,1498,21,5,1,1,5,33970,2,-1
241,8,5,5,5,41715,1,165,0,2500,20,5,1,1,3,30890,2,1
97,13,5,5,4,52304,1,250,0,2998,11,6,12,3,1,43500,4,0
462,12,5,5,4,9715,1,155,0,1991,21,7,1,1,1,58950,2,0
775,3,5,4,2,809,1,110,0,1498,20,7,12,1,0,33889,1,0
770,2,5,5,4,92700,1,66,0,1422,3,5,12,1,0,16780,8,0
547,3,5,2,2,51645,1,120,1,1998,16,3,10,1,1,10490,23,0
688,13,5,5,4,78090,0,110,0,1968,4,8,10,1,2,18888,4,-1
439,4,5,5,4,29478,1,115,0,1595,16,5,2,1,1,27480,6,0
123,8,5,5,4,26132,1,353,0,2993,11,6,2,1,1,68999,3,0
688,12,5,5,5,40904,1,150,0,1400,21,8,9,1,0,25850,2,1
775,8,1,5,5,4900,1,110,0,1999,4,5,7,1,0,32980,0,0
236,12,5,5,5,30000,1,111,0,1496,21,8,12,1,0,21485,4,0
500,4,5,5,4,96983,1,270,0,2996,16,8,1,1,1,49680,5,0
374,8,5,5,5,8503,1,162,0,1499,10,7,9,1,0,29940,3,0
702,13,5,5,5,117639,1,88,1,1598,4,5,12,1,0,16950,5,0
697,8,5,5,5,88939,1,140,0,1968,4,8,12,1,1,30950,4,-1
611,8,5,5,4,167000,1,100,1,1598,3,5,4,1,3,11700,8,0
32,8,4,5,5,5,1,110,0,1498,21,8,2,1,3,39970,0,-3
117,8,5,5,4,36200,1,103,0,1499,11,6,1,1,0,26999,4,-1
45,13,5,5,5,15900,1,566,0,3996,29,5,2,1,5,144990,3,0
45,13,4,5,5,100,1,441,0,3996,21,5,7,1,1,139900,0,-3
33,8,1,5,4,16000,1,147,0,1968,4,8,7,1,1,57980,1,-2
598,13,5,5,5,28145,0,81,1,1199,26,7,9,1,0,17990,2,0
685,8,5,5,5,85350,0,110,0,1498,20,8,12,1,0,23980,3,0
422,12,5,5,5,17728,1,118,0,1332,10,7,1,1,2,34845,2,0
752,12,5,5,5,42301,1,180,0,1984,17,7,9,1,0,32440,3,0
557,18,1,6,5,5000,1,140,0,1950,4,8,12,1,0,81490,0,0
338,3,4,4,2,10,1,341,0,4969,16,7,9,1,1,118690,0,0
553,13,5,3,4,49050,1,120,1,2143,3,5,1,1,0,41638,4,0
814,8,5,5,4,123000,1,140,1,1969,3,5,7,1,3,20999,7,0
741,2,5,5,4,94751,1,55,0,1497,10,4,9,1,0,11250,11,0
697,8,5,5,5,26650,0,140,0,1968,4,8,2,1,0,35777,4,-1
349,8,2,5,5,16619,1,192,0,1477,28,7,2,1,0,32490,2,0
411,12,5,5,5,64989,1,120,0,1332,25,8,10,1,2,27400,5,0
656,10,4,3,5,10,0,100,1,2299,4,7,12,1,0,36950,0,0
376,3,5,4,2,26500,1,170,0,1998,25,5,9,1,3,28700,6,-1
254,18,5,6,4,158555,1,96,1,1995,4,8,12,1,0,23500,3,0
72,4,5,4,2,177000,1,140,0,1995,3,5,12,0,1,14990,8,-1
557,18,5,7,4,107838,1,140,0,2143,4,5,12,1,1,47480,5,0
457,12,5,5,4,26000,1,143,0,1950,4,8,1,1,3,38480,4,0
785,13,5,9,4,90000,1,62,1,1968,4,5,12,1,2,23880,5,0
688,13,5,5,5,29090,1,110,0,1498,20,7,7,4,0,26580,1,0
401,9,5,5,5,128198,0,120,1,2143,4,5,12,1,0,30821,6,0
188,2,3,5,4,0,0,74,1,999,13,7,1,1,0,20790,1,0
340,8,5,5,4,69900,1,114,0,2494,10,5,1,1,1,31780,5,0
752,12,5,5,5,17999,0,96,0,1498,21,5,7,4,0,29990,2,0
413,12,5,5,5,8974,1,118,0,1332,10,7,12,1,2,30335,2,0
496,8,5,5,4,34121,1,155,0,1991,17,8,1,1,3,36670,5,0
440,13,5,5,5,121770,1,130,0,2143,4,6,1,1,1,24450,5,0
598,12,5,5,4,70844,0,74,1,1399,16,5,1,1,0,10390,6,-1
410,12,5,5,4,81565,1,90,0,1595,16,5,7,1,3,16950,10,-2
690,8,5,7,4,15900,1,147,0,1968,4,8,6,1,1,41880,2,0
793,18,5,7,5,1430,1,110,0,1400,21,8,2,4,1,79990,1,-2
770,2,5,5,5,29511,1,81,1,999,16,7,7,1,0,17485,2,-1
23,3,5,4,2,65135,1,110,0,1498,16,8,12,1,0,28580,3,0
27,12,5,5,4,85050,1,210,0,2967,3,8,1,1,1,53990,4,0
608,13,5,5,4,104300,0,121,0,1490,18,5,7,1,0,18200,5,0
425,13,5,5,4,31000,1,135,0,1497,11,8,1,1,3,26990,5,0
752,12,5,5,5,22650,0,110,0,1498,20,8,2,1,2,26666,3,0
668,18,1,3,4,4600,1,110,1,2299,4,8,12,1,0,37450,1,-1
304,8,4,5,5,15,1,280,0,1995,20,7,1,1,1,77990,0,-3
698,13,5,5,4,176590,0,135,0,1968,3,5,1,1,3,18890,5,0
274,8,5,5,4,206264,1,128,1,2359,11,4,7,1,0,9950,12,0
650,3,5,2,2,8600,1,309,0,3995,16,5,12,1,3,123900,2,0
795,8,5,5,5,14747,1,110,0,1498,21,7,1,1,0,34997,1,0
775,8,5,5,4,111000,1,85,1,1598,3,5,1,1,2,18990,5,0
606,8,2,5,5,11483,1,96,1,1199,26,7,1,5,0,31990,1,0
774,8,5,5,5,14226,1,81,1,999,21,7,7,1,0,23997,1,0
235,2,5,5,5,48507,1,74,0,998,11,8,13,1,2,15980,5,0
741,12,5,5,5,50216,1,53,1,998,20,5,2,4,0,11990,5,0
601,18,5,5,5,54039,0,75,1,1499,4,8,10,4,0,19250,4,0
99,13,5,5,4,77345,1,294,0,2993,3,6,1,1,1,47499,4,0
71,3,5,4,2,87485,1,110,1,2000,4,5,12,1,1,20790,7,-1
702,13,5,5,5,104100,1,140,0,1968,3,8,1,1,0,22950,4,0
87,4,5,4,2,137994,1,135,0,1998,16,5,10,1,2,20490,9,0
607,8,5,5,5,14139,1,96,1,1499,4,7,12,1,0,20485,2,-1
24,13,5,5,4,80000,1,140,0,1984,11,5,1,1,1,23990,5,0
95,13,5,5,5,89987,1,195,0,2993,4,5,7,1,1,37830,5,0
64,12,3,5,4,195,1,100,0,1499,25,7,1,4,3,32990,1,0
732,13,5,5,5,9990,1,112,0,1987,10,7,1,5,3,33490,1,0
410,12,5,5,5,145000,1,90,1,1595,20,5,1,1,0,12990,9,-2
425,13,5,5,4,85987,1,100,0,2143,3,5,1,5,0,21490,7,0
702,13,5,5,5,116493,1,140,0,1968,4,5,7,1,1,22700,6,-1
392,13,5,5,4,72312,1,104,0,1968,11,2,1,1,0,7890,20,0
698,13,5,5,4,132631,0,135,0,1968,3,5,1,1,3,16608,5,-2
188,2,3,5,4,0,0,74,1,999,13,7,8,1,0,20290,1,0
321,8,1,5,5,10900,1,104,0,1580,10,7,12,1,0,29990,1,-2
581,8,5,5,5,23900,0,83,1,1598,25,8,12,1,0,13790,4,0
80,12,5,5,4,184650,1,140,0,1995,3,5,12,1,0,19950,5,0
287,19,5,3,5,225000,0,115,1,2287,3,4,12,1,0,13990,6,0
559,18,5,6,4,69800,1,165,0,2987,3,4,1,1,1,30990,10,0
319,8,1,5,5,16030,1,88,1,998,25,7,13,1,3,22490,1,-2
775,8,5,5,5,14521,1,110,0,1498,21,5,12,1,4,30897,1,0
27,13,5,5,4,138000,1,210,0,2967,3,5,2,5,5,37990,4,0
223,18,5,2,4,18832,1,88,1,1499,4,7,12,1,0,25450,1,0
608,13,5,5,4,52760,0,147,0,1998,18,7,4,1,3,27400,2,0
795,8,5,5,5,44000,1,140,0,1984,20,4,1,1,1,40550,3,-2
167,13,1,5,5,6254,0,165,0,1598,21,7,7,1,1,42850,1,0
29,12,1,4,5,44500,1,195,0,1984,16,5,9,1,5,59470,3,0
426,13,5,5,4,94000,1,125,0,2143,3,5,1,1,3,24990,5,0
1,4,3,2,2,44225,1,6,0,479,3,5,10,1,1,12550,1,0
33,8,5,5,4,43313,0,110,1,1968,3,5,1,1,0,24890,5,0
137,8,3,5,5,0,1,230,0,0,10,5,12,2,0,69700,1,0
80,12,5,5,5,27161,1,140,0,1995,4,5,12,1,1,30800,4,0
607,8,5,5,5,60228,0,96,1,1199,26,8,10,1,0,18990,5,0
23,12,5,5,5,36347,1,110,0,1968,4,7,12,1,0,32890,2,-1
641,4,5,4,2,3690,1,55,1,1571,16,5,9,1,1,99890,-42,0
251,18,4,3,4,10,1,96,1,1995,4,7,12,1,0,39750,0,0
279,13,5,5,5,69971,1,85,0,1598,4,7,1,4,0,17900,4,-1
560,18,5,5,4,120,1,120,0,1950,4,7,12,4,0,58280,2,-1
617,18,5,7,5,49981,1,103,0,1364,16,3,1,5,3,19690,6,0
91,12,5,5,4,283457,0,135,1,1995,4,4,1,1,3,11950,11,0
768,13,5,5,5,38200,1,147,0,1968,3,8,12,4,0,32500,2,-1
117,8,5,5,4,20500,0,92,0,1499,10,5,1,1,3,35900,2,-1
794,8,3,5,5,10,0,110,0,1498,20,7,7,1,0,30880,1,0
444,4,5,4,2,151500,0,135,0,1796,16,3,10,1,3,10250,15,0
611,8,5,5,5,16857,1,96,1,1199,16,7,1,1,0,22880,2,-1
401,5,5,3,2,384800,0,205,1,6374,3,5,12,4,0,24966,23,0
416,4,5,2,3,87700,1,410,0,3982,20,5,2,1,1,125900,3,0
528,12,5,5,4,31720,1,243,0,2925,4,7,1,1,1,114845,2,0
226,10,5,3,5,39266,1,96,1,1996,4,8,12,1,0,31490,2,1
206,10,4,3,4,10,0,106,1,1997,4,5,12,1,0,34950,1,0
426,13,5,5,4,95674,1,125,0,2143,4,5,12,1,1,26380,5,0
179,8,1,5,5,6500,1,110,0,1968,4,7,7,4,5,39399,1,-2
497,8,5,5,5,27262,1,155,0,1991,10,7,1,1,2,47845,3,0
798,18,5,7,5,266338,1,77,1,1896,4,3,1,1,0,5980,14,-1
770,2,5,5,5,5485,1,70,1,999,21,7,12,1,0,21997,1,-2
439,13,5,5,5,39400,1,115,0,1595,20,5,1,1,1,24799,8,0
598,12,5,5,5,46000,1,110,0,1399,21,5,1,1,3,16690,5,0
774,8,3,5,5,10,0,81,0,999,20,7,2,1,0,28440,1,0
97,13,5,5,5,106607,0,235,0,2993,4,5,12,1,1,38980,4,-1
242,13,5,5,5,41027,0,110,0,1997,4,5,12,4,0,20900,5,0
270,18,5,8,3,198400,1,100,1,2497,3,5,1,4,0,18490,5,0
349,8,2,5,5,10469,1,192,0,1477,28,7,1,1,0,35490,1,-2
207,2,4,4,3,15,1,87,0,1,10,5,1,4,1,29450,1,-2
411,12,5,5,5,5231,1,120,0,1332,16,8,9,1,2,32785,1,0
87,12,5,5,5,66869,1,140,1,1995,4,5,1,1,0,21999,6,-1
396,8,5,5,5,127335,1,129,0,2191,4,5,2,1,1,16990,8,0
646,3,2,4,2,39041,1,331,0,2981,16,5,1,1,1,171900,1,0
236,13,5,5,5,125000,1,88,0,1499,4,5,7,1,0,10885,8,0
72,18,5,5,4,129000,1,140,0,1995,3,5,10,1,1,20997,6,0
88,4,5,4,2,31000,0,210,0,2993,4,7,2,1,5,54970,1,-2
121,8,5,5,5,10770,1,353,0,2993,20,8,1,1,1,63440,3,0
697,8,5,7,5,81900,1,110,1,1395,16,5,7,1,5,26680,6,0
698,13,5,5,5,103000,1,110,0,1968,3,4,7,1,0,14990,8,-1
779,18,5,4,4,233590,1,96,1,2459,3,3,7,4,0,20990,15,0
23,13,5,5,5,48000,0,110,0,1968,4,7,2,1,0,31970,2,0
296,12,5,5,4,34500,1,172,0,3980,11,2,9,0,1,27890,30,0
64,9,5,5,4,99900,1,105,0,1995,16,4,1,1,0,12900,12,0
702,13,4,5,5,35,1,140,0,2000,21,5,7,1,5,47890,0,0
768,13,5,5,5,46000,0,140,0,1968,4,7,1,1,1,32470,3,0
503,8,1,5,5,17500,1,200,0,1951,4,7,7,1,2,87800,1,-2
791,8,4,7,5,5,1,150,0,1968,4,7,1,1,1,93970,1,-2
83,12,5,5,4,65621,1,215,0,1998,10,6,2,3,1,33499,4,-1
752,13,5,5,4,93550,0,85,1,1598,4,8,10,1,0,14965,4,-1
770,2,3,5,5,44225,0,70,1,999,20,5,12,4,0,25385,1,0
818,2,5,4,4,26530,1,60,0,1968,10,5,1,1,0,15400,2,-1
819,3,5,2,2,125778,1,52,0,599,11,2,1,1,3,9450,21,0
594,10,4,3,2,10,0,103,1,2179,4,7,12,1,0,35850,1,0
401,19,3,2,4,100,1,125,1,1950,4,7,12,1,0,56942,0,-2
330,8,3,5,5,10,1,147,0,1498,10,7,7,1,1,73984,1,0
496,8,5,5,5,77457,1,150,0,2143,4,5,7,1,1,37985,6,0
743,10,5,2,5,24000,0,75,1,1968,4,5,12,5,0,27980,1,0
608,13,5,5,5,67800,1,128,1,1995,4,7,7,1,3,20990,2,0
657,8,3,5,5,10,0,116,0,1332,21,7,8,1,5,35297,1,0
593,8,5,5,5,60500,1,120,1,1618,11,5,7,1,2,17480,6,0
314,2,4,5,5,15,1,62,1,1197,25,7,7,1,0,17490,0,-1
184,8,3,5,4,0,0,110,1,1332,20,7,1,1,0,32990,1,0
422,9,5,5,5,35000,1,165,0,1991,20,8,1,1,2,33490,4,0
95,12,5,5,4,62722,1,185,0,1998,10,6,10,1,3,34500,4,0
473,8,5,5,5,7048,1,300,0,1968,10,5,1,1,2,59885,2,0
413,12,5,5,4,21973,1,118,0,1332,10,7,1,1,0,27875,3,0
552,4,5,2,2,38787,1,420,0,6208,16,4,1,3,1,258197,12,0
659,8,5,5,5,124000,1,88,0,1197,11,4,2,1,0,11290,9,0
331,8,5,5,5,54100,1,132,0,1999,4,8,1,5,1,41990,3,0
430,13,5,5,5,35224,1,155,0,1991,10,7,1,1,2,37785,3,0
120,8,5,5,4,16085,0,215,0,1998,10,8,1,1,0,42900,3,0
752,12,5,5,5,2800,0,110,0,1498,20,8,13,1,2,34890,3,0
64,12,5,5,5,17452,1,110,1,1995,4,7,7,1,0,23990,3,0
538,3,5,2,2,141500,1,125,1,2748,20,5,10,1,1,90890,54,0
690,8,5,5,4,18500,0,110,0,1498,20,5,12,1,0,32980,1,0
99,12,5,5,4,49000,1,294,0,2993,4,5,12,3,1,59820,4,0
608,12,5,5,5,46300,1,147,0,1598,25,8,2,1,3,23990,4,-1
105,12,5,5,5,12611,1,290,0,2998,28,8,1,3,1,79990,2,-1
620,9,5,5,5,115300,0,118,0,3920,3,3,12,1,0,19950,12,0
225,12,1,5,5,37495,1,74,1,999,25,7,1,1,0,15990,2,-1
594,19,5,3,5,120400,0,107,1,2299,3,5,1,1,0,19850,6,0
236,13,1,5,5,60400,1,110,1,1995,4,8,2,1,0,22780,3,0
766,13,5,5,4,103000,1,147,0,1968,3,5,7,1,5,29990,2,0
27,13,5,5,5,98417,1,150,0,1968,4,8,1,1,1,31880,4,0
37,8,5,5,5,10942,0,250,0,2995,20,7,7,1,1,96990,1,0
702,13,5,5,5,134000,1,140,0,1968,3,5,12,1,0,22500,5,0
752,12,1,5,5,4350,1,110,0,1498,20,8,7,1,0,31450,1,0
227,18,5,5,5,77068,0,66,1,1388,16,5,12,1,0,10450,6,0
775,8,5,5,5,10,1,140,0,1984,20,7,10,1,4,41640,0,0
598,12,1,5,5,1566,0,133,0,1598,21,7,12,1,1,41850,1,0
770,12,3,5,4,10,1,70,0,999,25,7,1,1,0,23950,1,0
757,18,5,5,5,19087,1,85,0,999,20,8,7,1,0,20890,4,0
80,12,5,5,4,124679,1,135,0,1995,4,4,2,1,0,15690,11,0
656,10,4,3,5,10,0,100,1,2299,4,7,12,1,0,36950,0,0
731,8,5,5,5,25,1,72,0,1800,10,7,10,1,0,26890,1,-2
569,8,5,5,5,64000,1,110,0,1998,25,8,12,5,0,21490,4,0
120,8,5,5,4,73162,1,170,0,1995,3,6,1,1,1,38499,4,0
744,8,5,5,4,176500,0,150,0,2967,3,5,12,4,5,34990,6,-1
64,12,5,5,4,84616,1,110,0,1995,4,8,1,1,1,23780,4,0
491,8,5,5,5,33400,0,110,0,1950,3,5,7,1,2,42890,2,-1
706,8,5,5,5,32941,1,120,1,1497,21,8,1,1,0,14490,3,0
766,12,5,5,4,84000,1,140,0,1984,16,8,7,1,1,23980,4,0
122,8,3,5,5,1,1,265,0,2998,21,5,9,1,1,94990,1,0
617,18,5,5,5,69600,1,99,1,1598,4,5,10,1,1,15980,6,0
768,13,5,5,5,89999,0,110,0,1968,4,6,2,1,0,19888,5,0
794,8,1,5,5,12000,1,110,0,1498,20,7,1,1,0,28980,1,0
390,12,5,5,4,50537,1,77,0,1598,16,3,1,1,0,8350,15,0
300,8,5,5,4,187740,0,120,1,2143,3,4,10,1,1,6800,12,-1
235,2,5,5,2,111000,0,134,1,1596,16,5,9,1,0,12990,9,0
251,9,5,7,4,184050,1,125,1,1995,3,5,10,1,0,27358,4,0
432,3,5,4,2,87804,1,245,0,2996,16,8,7,1,1,39830,4,0
392,13,5,5,4,82150,0,132,1,2184,3,4,1,1,3,8950,12,0
27,13,5,5,5,172000,1,213,0,2995,25,4,1,5,0,9500,14,0
99,13,5,5,4,120397,1,294,0,2993,3,6,2,3,1,42999,4,0
465,13,5,5,5,84987,1,250,0,2925,4,5,1,1,1,46430,3,0
414,12,5,5,5,14431,1,225,0,1991,16,5,1,1,2,45845,2,0
72,3,5,4,3,22984,1,135,0,1998,21,8,7,4,0,34490,2,-1
117,8,5,5,4,46103,1,141,0,1998,11,6,7,1,3,32999,4,0
88,3,5,4,3,105000,1,190,0,2993,3,5,1,0,1,25990,9,-1
27,12,5,5,4,89050,1,210,0,2967,3,8,2,1,1,47990,4,0
35,8,2,5,5,18721,1,120,0,1968,4,5,1,1,1,67500,1,0
95,13,5,5,5,94933,0,185,0,1998,20,5,1,1,1,29980,4,-1
688,13,5,5,5,17790,1,110,0,1498,20,7,1,4,0,26680,2,0
117,8,3,5,5,1,1,100,0,1499,21,5,8,1,3,51120,1,0
23,12,5,5,4,88822,1,135,0,1968,4,5,7,1,1,22880,9,0
687,12,5,5,4,45115,1,70,1,999,11,7,12,1,0,15950,2,0
344,8,4,5,5,50,1,135,0,1998,10,8,12,3,1,44390,0,0
120,8,5,5,4,69390,1,140,0,1995,3,6,1,1,3,38499,4,0
366,12,5,5,4,80000,1,100,0,1499,10,5,1,1,3,23999,5,0
316,8,5,5,4,63000,1,97,1,1591,16,4,1,1,0,14980,8,0
72,3,2,4,3,24480,1,135,0,1998,20,8,12,4,0,33990,2,-1
226,10,4,9,4,10,0,96,1,1995,4,7,10,1,0,49950,0,0
770,2,5,5,5,57390,1,55,1,999,20,5,12,1,0,14950,5,-1
795,8,1,5,5,92500,1,176,0,1968,4,5,12,1,0,31660,5,0
228,12,5,5,4,60325,1,110,0,1498,16,5,12,4,0,18990,6,0
434,13,5,5,5,69000,1,270,0,2996,20,5,1,1,3,39990,6,0
33,8,5,5,5,108700,1,135,0,1968,4,5,1,1,1,26880,5,0
124,8,5,5,4,112735,1,195,0,2993,3,6,1,3,1,55999,4,0
602,12,5,5,5,17195,1,74,0,1199,25,7,7,1,0,18290,3,0
64,12,5,5,5,12886,0,100,0,1499,21,7,12,5,0,27390,2,0
321,8,4,5,5,20,1,150,0,1591,25,7,10,1,1,34490,1,-2
122,8,5,5,4,82012,1,195,0,2993,4,8,1,1,1,49880,3,0
327,8,1,7,4,3010,1,294,0,2996,16,8,1,4,1,105999,0,0
671,18,5,5,4,100000,1,81,0,1461,3,5,1,1,3,17999,6,-1
595,12,5,4,3,49998,1,64,1,1398,25,5,8,1,1,10490,7,0
95,12,5,5,4,85011,1,135,0,1998,21,8,4,1,1,33950,4,0
464,12,5,5,5,100820,1,220,0,1991,20,8,1,1,1,38700,4,0
8,8,5,5,5,85500,1,154,0,2143,4,5,2,1,1,27280,6,0
583,2,5,5,4,72000,1,59,1,1198,16,5,12,1,0,9850,6,0
80,13,5,5,4,37696,1,140,0,1995,3,6,7,1,5,39499,3,0
26,3,5,4,2,72993,1,140,0,1968,4,5,7,1,1,42750,3,0
179,8,1,5,5,15414,1,228,0,1984,21,8,1,1,3,43490,1,0
802,12,5,4,3,43300,1,66,1,999,20,5,2,1,0,11490,7,-1
557,18,5,7,4,77163,1,140,0,2143,3,5,7,1,1,57990,6,0
770,2,5,5,5,9513,1,81,0,999,21,7,12,1,0,24497,1,-2
87,4,5,4,2,30000,1,140,0,1995,4,5,1,1,5,32420,4,0
462,13,5,5,5,26435,1,155,0,1991,10,7,7,1,2,47875,2,0
754,12,5,5,5,34000,0,180,0,1984,11,7,7,1,1,34970,2,0
330,8,1,5,4,14900,1,375,0,2996,10,7,1,1,1,248888,0,0
752,12,5,5,4,27990,1,81,1,999,16,7,7,1,0,20450,2,0
102,3,5,4,2,27277,1,330,0,4395,16,5,12,1,1,57880,5,0
83,4,5,4,2,104997,1,200,0,2996,11,3,7,1,1,20999,14,0
242,12,5,5,5,73853,0,121,1,1498,16,8,1,1,3,20950,5,0
770,2,5,5,5,10935,1,70,1,999,21,7,2,1,0,21997,1,-2
598,13,5,5,5,8949,1,77,1,999,21,8,10,1,0,16985,4,0
80,13,5,5,5,50000,0,140,0,1995,4,8,1,1,1,37700,3,0
752,12,5,5,4,80000,1,110,1,1498,16,5,7,1,0,17999,6,-1
504,8,5,5,5,60600,1,200,0,2925,4,5,1,1,1,69900,4,-1
652,4,5,2,2,29800,1,294,0,3995,16,5,10,1,5,99690,2,0
758,13,5,5,5,100000,0,110,0,1968,4,7,12,1,5,21580,3,-2
752,12,5,5,4,8539,1,96,1,1498,16,5,1,1,4,25890,1,0
401,10,5,6,2,1400,1,120,0,1950,4,5,2,1,2,46880,1,0
127,8,1,5,5,4190,1,460,0,4395,20,5,2,5,1,139989,0,-3
401,9,5,3,5,187206,0,140,0,2987,4,5,1,1,0,32725,7,0
32,8,5,5,5,8756,1,110,0,1498,26,7,1,1,0,29490,2,-1
124,8,5,5,4,265000,1,173,0,2993,3,3,7,1,1,10995,15,0
662,18,5,2,4,10548,1,55,1,1461,4,8,7,1,3,19848,2,0
188,2,3,5,4,0,0,74,1,999,13,7,7,1,0,19490,1,0
332,8,5,5,4,150000,1,190,0,2993,3,4,7,1,1,22990,10,0
464,12,5,5,4,116200,1,190,0,2987,4,5,9,1,1,33840,7,0
694,2,5,5,4,148000,1,40,1,1198,16,3,10,1,0,2700,17,-1
272,8,1,5,5,15000,1,225,0,1968,10,5,7,5,1,59690,1,-2
816,8,5,7,5,99987,1,173,0,1969,4,5,7,1,1,51680,4,0
651,8,5,5,5,36200,1,340,0,2995,10,5,7,1,3,102890,2,0
124,8,1,5,5,4004,1,210,0,2993,4,5,12,3,1,90989,0,0
795,8,5,5,5,100000,1,110,0,1968,4,8,1,1,0,24700,4,-1
412,12,5,5,4,9000,1,140,0,1950,3,7,1,1,5,36800,1,0
688,12,1,5,5,1,1,110,1,1498,21,5,12,1,0,30990,1,0
656,10,4,3,5,100,0,100,1,2299,4,7,12,1,0,36350,1,-1
411,12,5,5,5,3607,1,120,1,1332,16,8,10,1,3,25950,5,0
602,2,5,5,4,144000,1,66,1,1398,11,5,10,1,0,7850,7,0
155,10,5,3,5,2155,0,103,1,2229,4,8,12,1,0,36850,0,0
505,8,5,5,4,86641,1,245,0,2996,16,5,7,1,1,43880,6,0
585,8,5,4,2,29000,0,120,1,2299,3,5,10,1,0,28999,5,-1
438,4,5,5,5,24021,1,100,0,1332,21,7,12,1,3,32890,2,-1
496,8,5,5,4,64154,1,155,0,1991,16,8,1,1,1,35880,4,0
265,12,5,5,4,114659,1,66,1,1198,16,3,11,0,2,5250,14,0
245,8,2,5,5,25,1,92,0,1000,21,7,1,1,0,25890,1,-2
79,13,5,5,5,69018,0,115,0,1998,21,7,1,5,0,26890,3,0
788,18,5,5,4,100,1,110,0,1968,3,7,12,1,0,72950,0,-3
237,18,5,7,5,47219,1,140,0,1995,4,7,1,4,0,29900,5,0
797,8,5,5,5,43700,0,310,0,3956,4,7,7,1,1,79960,4,0
157,18,5,5,5,94662,0,96,0,1499,4,8,7,1,0,24450,5,0
479,8,5,5,4,190851,1,158,0,3199,11,5,10,1,0,41490,26,0
743,10,1,5,5,10000,1,150,0,1968,10,7,12,1,0,75850,1,-2
113,12,1,5,4,20250,1,460,0,4395,21,7,1,1,1,127489,1,-2
28,13,5,5,5,69372,1,235,0,2967,4,5,1,1,1,41728,5,0
605,8,2,5,5,7920,1,96,1,1199,26,7,1,1,0,20490,1,0
760,12,5,5,4,16750,0,150,0,1968,10,7,7,4,0,30444,3,0
798,18,5,5,5,119200,1,85,1,1968,4,5,7,1,0,17980,3,0
55,8,5,7,4,80000,1,320,0,3956,3,5,1,1,1,69990,4,0
745,13,5,5,5,52610,0,140,0,1984,20,7,12,1,4,40945,2,-1
24,13,5,5,4,71000,1,140,0,1984,11,8,1,1,0,35990,4,0
392,12,5,5,4,113000,1,112,0,2261,11,3,10,5,1,5999,16,0
760,12,5,5,5,25500,1,150,0,0,10,7,12,1,0,29500,3,0
656,10,4,3,5,10,0,100,1,2299,4,7,12,1,0,36350,0,0
236,13,5,5,4,164571,1,120,0,1997,3,4,2,1,3,9500,11,-1
752,13,5,5,5,6374,1,96,1,1498,20,8,1,1,0,26980,1,0
425,13,5,5,4,112031,1,118,0,1597,3,5,1,1,0,19299,5,0
32,8,5,5,4,50000,1,110,1,1395,16,5,1,1,3,22990,6,0
752,12,3,5,5,10,1,96,1,1968,20,7,12,5,2,36984,1,0
331,8,5,5,4,32078,1,132,0,1498,4,8,1,1,1,38880,4,0
581,8,5,5,5,86100,1,86,0,1598,11,5,1,1,1,16490,5,0
117,8,2,5,5,13803,0,110,0,1995,4,5,10,5,0,36980,1,-2
126,8,5,5,4,152296,1,225,0,2979,11,5,1,1,1,36000,9,0
602,2,5,5,3,46615,1,74,1,1364,25,8,12,1,0,12990,4,-1
441,13,5,5,4,44000,1,165,0,1991,16,8,1,1,5,34999,4,-1
608,13,5,5,5,58026,1,128,0,1995,4,7,1,1,3,21860,2,0
375,12,5,4,2,29327,1,170,0,1998,20,8,9,1,0,31990,3,0
760,12,5,5,5,16600,1,150,0,0,10,7,10,1,0,31990,2,0
684,18,5,5,5,12133,1,70,1,999,20,7,2,1,0,20394,1,0
124,8,5,5,4,56826,1,195,0,2993,3,6,1,1,1,60999,4,-1
722,8,5,5,5,18500,1,95,1,1373,10,8,10,1,3,20057,2,0
228,18,5,5,4,200000,1,85,1,1560,3,4,2,1,0,5780,12,0
26,4,2,5,5,6778,1,150,0,1968,4,7,2,1,0,47990,1,-2
143,12,5,5,4,80000,1,307,0,2997,16,5,1,1,1,37880,5,0
430,13,5,5,5,31000,1,155,0,1991,10,7,1,1,0,33835,3,0
71,18,5,7,5,99987,1,110,0,1995,4,5,1,1,0,23880,5,0
416,4,5,5,5,46550,1,470,0,3982,21,5,12,1,1,114900,4,-1
30,12,5,5,4,73842,1,210,0,2967,3,8,1,1,1,53900,5,-1
602,12,5,5,5,1994,1,74,0,1199,20,7,8,1,0,19490,3,0
308,13,2,5,5,1000,1,100,0,1598,4,7,9,1,3,35950,0,-1
91,13,5,5,4,33086,1,140,0,1995,3,6,1,1,5,35999,4,0
492,8,5,5,4,45000,1,140,0,1950,3,7,2,1,5,42990,2,0
274,8,5,7,4,150000,0,145,0,2199,3,4,9,1,1,18985,8,0
23,12,5,5,4,29800,1,135,0,1968,4,5,2,1,1,24880,6,0
54,8,5,5,5,31025,1,251,0,2967,4,7,1,1,1,74990,2,0
166,8,5,5,5,73556,0,165,0,1596,10,7,12,4,3,30440,2,0
702,13,5,5,4,87000,0,140,1,1968,3,5,1,1,0,19880,6,-1
795,8,5,5,5,42000,0,176,0,1968,4,5,2,1,0,33470,5,0
184,8,5,5,4,133262,1,81,1,1461,3,4,1,1,1,7990,11,-2
120,8,2,5,5,21024,0,140,0,1995,4,5,12,5,1,59490,1,-2
241,8,1,5,5,10000,1,140,0,1998,3,5,1,1,1,35990,1,0
438,13,5,5,5,48805,1,85,0,1461,4,8,1,1,3,28950,3,0
610,12,5,5,4,117132,1,92,1,1796,16,3,10,4,0,4990,16,0
80,12,5,5,4,125000,1,135,1,1995,4,4,9,1,0,12880,11,0
697,8,5,5,5,79000,0,176,0,1968,4,7,2,1,5,38970,4,0
218,12,5,5,2,169600,0,88,1,1368,18,3,12,1,0,3990,15,0
816,8,5,5,4,81059,1,173,0,1969,4,8,7,1,1,50880,3,0
687,12,5,5,4,46550,0,70,1,999,20,8,10,1,2,14980,4,-1
401,8,5,5,5,50,1,430,0,3982,20,5,1,1,1,229880,1,0
401,9,5,5,5,138226,0,120,1,2143,4,5,12,1,0,34391,4,0
81,13,5,5,4,221450,0,141,0,2494,16,5,1,1,1,2950,22,0
27,13,5,5,5,69000,0,170,0,2967,4,7,1,1,1,40560,4,0
743,10,2,3,5,100,0,103,1,1968,4,5,12,5,0,50980,0,0
23,12,5,5,4,9666,1,110,0,1968,4,5,9,5,3,34470,2,-1
611,8,5,5,4,25900,0,81,1,1499,3,7,7,4,3,22650,2,0
770,12,5,5,5,20190,1,70,0,999,21,7,1,1,0,19890,2,-1
768,13,5,5,4,41850,0,110,0,1968,3,5,1,1,0,27500,4,-1
795,8,5,5,5,70600,0,132,0,1984,21,5,2,1,5,26970,5,0
795,8,5,5,5,67300,0,140,0,1968,4,5,7,1,1,33970,4,0
726,8,2,5,5,1614,1,378,0,1968,10,5,12,1,1,53990,1,-1
793,18,5,7,5,1000,0,110,0,1968,4,7,3,1,0,67970,1,0
26,4,5,5,4,115000,1,210,0,2967,4,8,7,1,1,31820,4,0
752,12,5,5,5,49041,1,110,1,1968,4,5,7,1,3,17999,6,0
35,8,5,5,5,14039,1,150,0,2000,4,7,7,1,1,50890,1,-2
321,8,4,5,5,1500,0,118,0,1482,20,5,12,1,2,32490,0,0
794,8,3,5,5,8,1,81,0,999,20,7,10,1,0,32890,1,0
319,8,1,5,5,14450,1,74,1,998,25,7,2,1,0,19950,1,-1
136,8,1,5,5,9900,0,240,0,0,10,5,1,5,0,72700,1,-2
774,8,5,5,5,13602,1,81,0,1000,21,7,7,1,0,24890,2,-1
27,12,5,5,4,79100,1,200,0,2967,4,5,7,1,1,29880,5,0
456,13,5,5,4,80000,1,135,0,1991,16,5,10,4,1,23999,9,0
315,8,5,5,5,141602,1,145,0,2199,4,4,9,1,1,16490,11,-1
514,8,5,5,5,141900,1,170,0,2996,20,4,10,1,0,16488,14,-1
774,8,5,5,5,13500,1,110,0,1498,20,7,7,1,0,26990,1,-2
97,13,5,5,5,46500,1,235,0,2993,4,5,1,1,1,45445,3,0
279,12,5,5,5,43357,1,103,0,1353,21,7,7,4,0,19900,4,0
36,8,5,5,5,93390,1,170,0,2967,4,8,7,1,3,52890,4,-1
745,13,5,5,5,16400,1,235,0,1984,29,7,1,1,1,49500,2,0
752,12,5,5,4,119000,1,180,0,1984,16,5,10,4,2,24990,5,-1
695,8,5,5,4,48000,1,110,0,1498,11,7,1,1,5,21990,3,0
330,8,1,5,4,1010,1,390,0,4395,16,8,2,0,0,259999,0,0
697,8,3,5,5,10,1,110,0,1968,4,7,1,5,0,50300,1,0
602,2,5,5,5,10,0,74,0,1199,26,7,1,1,3,25750,0,0
768,13,5,5,4,89590,0,110,0,1968,4,8,1,1,2,23880,3,-2
608,12,5,5,5,75000,1,128,0,1995,4,7,1,1,3,19260,2,0
745,13,5,5,5,30900,1,147,0,1968,4,7,7,1,4,42830,2,-1
702,13,5,5,5,105759,1,140,0,1968,4,8,1,1,0,23700,4,-1
594,10,5,2,4,44472,0,55,1,1499,4,8,12,1,0,12850,5,0
589,8,4,5,5,15,1,140,0,1497,10,5,9,1,0,35990,0,-3
752,12,5,5,5,33,1,85,1,1968,4,8,1,1,0,30690,1,0
23,12,5,5,4,33650,1,110,1,1498,16,8,1,1,0,18950,4,0
553,17,5,3,5,163234,0,120,1,2143,4,5,12,1,0,35105,5,-1
611,8,5,5,5,10714,1,96,1,1199,16,7,1,1,0,22880,2,-1
430,12,1,5,4,3000,1,150,0,1999,25,5,7,1,2,61970,1,0
608,12,5,5,5,59160,1,128,0,1995,4,7,4,1,3,19680,2,0
425,13,5,5,5,116384,1,118,0,1597,4,8,10,1,3,23700,4,-1
787,18,4,3,4,10,1,81,1,1968,4,7,12,1,0,36850,1,0
604,8,5,5,5,40965,1,96,1,1199,16,7,8,1,0,16480,2,0
513,8,5,5,5,109140,1,150,0,2143,3,5,1,0,1,22990,9,0
60,8,5,5,5,31032,1,265,0,1968,10,5,7,1,1,58990,4,-1
671,18,5,5,4,292000,1,83,1,1598,20,3,2,1,0,490,20,0
166,8,5,5,5,2023,0,96,0,1499,4,7,7,4,1,36450,1,0
35,8,5,5,5,47497,1,140,0,1968,4,5,10,1,1,31980,6,0
279,12,5,5,4,100000,1,103,0,1353,16,5,1,1,0,16980,6,0
35,8,2,5,5,25,1,150,0,1968,4,7,1,1,0,55490,1,-2
62,8,1,5,5,4140,1,240,0,0,10,5,1,1,1,86789,1,-2
608,13,5,5,4,70800,1,90,0,1496,3,7,1,1,0,19450,2,-1
27,12,5,5,4,170420,1,180,0,2967,3,4,2,1,0,13990,11,0
752,13,5,5,4,56850,0,85,1,1598,4,8,12,1,0,17780,3,0
301,8,5,5,5,91300,0,184,0,2987,4,4,1,1,1,26600,8,-1
460,3,5,4,2,89700,1,150,0,2143,4,4,1,1,1,18900,13,-2
684,8,2,5,5,25,1,81,0,999,26,7,12,1,2,26990,1,-2
269,8,5,7,5,135293,1,145,0,2199,4,4,12,1,1,22990,9,-1
753,12,5,5,5,18033,1,180,0,1395,20,7,12,1,0,27660,3,0
80,13,5,5,5,12000,1,140,0,1995,4,5,9,1,0,41910,2,0
35,8,5,5,4,93000,1,180,0,2967,3,4,1,3,1,25980,10,0
181,13,5,5,5,9950,1,180,0,1395,10,7,12,1,3,30980,2,-1
462,4,5,4,2,115000,1,180,0,1950,4,5,7,1,1,45900,5,0
242,13,5,5,2,123500,1,132,1,1968,4,5,1,1,5,13780,8,0
795,8,5,5,5,38250,0,110,0,1498,20,8,7,1,0,28480,3,0
80,13,5,5,4,177000,0,135,1,1995,3,5,12,4,0,12499,10,-1
101,4,5,4,2,67087,1,230,0,2993,3,5,1,1,1,33640,11,0
37,8,5,5,5,50,1,210,0,2967,4,5,1,1,1,94900,0,0
774,8,3,5,5,13,1,81,0,999,20,7,6,1,0,23990,1,0
307,12,5,5,5,89000,1,99,1,1591,25,5,9,5,0,13490,6,0
798,18,5,5,4,90555,1,103,0,1390,16,4,1,4,0,19990,8,0
752,12,5,5,5,97000,1,135,1,1968,4,5,7,1,0,17990,8,0
401,10,5,3,4,99877,1,140,0,2143,4,5,9,1,2,29740,4,0
307,12,5,5,5,64802,1,100,0,1598,3,7,12,4,0,19500,4,0
72,3,5,4,3,15908,1,135,0,1998,21,8,1,4,0,34990,2,-1
407,12,5,5,4,46000,1,70,0,1498,16,3,6,1,0,7499,18,-1
207,2,5,4,2,90000,1,51,1,1242,25,4,2,0,3,7280,11,-1
611,8,5,5,5,44100,1,96,1,1199,12,7,2,1,2,19680,1,0
209,3,2,4,3,15,1,51,1,999,25,7,9,1,0,17590,1,-2
608,13,5,5,4,49350,1,128,0,1995,3,7,12,1,3,27700,2,0
798,18,5,5,4,38897,1,81,1,1197,16,5,12,4,0,22490,6,0
185,13,3,7,4,0,0,74,1,999,13,7,10,1,0,23490,1,0
768,13,5,5,5,42105,0,140,0,1968,4,8,12,1,2,45790,4,0
32,8,5,5,5,19960,1,85,1,1968,4,7,7,1,0,28990,1,0
795,8,5,5,4,143245,1,103,1,1968,3,4,1,3,1,10750,15,0
440,12,5,5,4,96000,0,140,0,1991,11,7,12,1,3,33970,3,0
493,8,5,5,4,23000,1,165,0,1991,11,7,12,1,5,42990,3,0
743,14,5,4,4,48500,1,75,1,1968,4,5,2,1,2,26480,6,0
228,18,5,5,4,170030,1,120,0,1997,3,4,9,4,0,7490,12,0
179,8,4,5,5,15,1,110,0,1498,20,7,7,1,1,39990,1,0
245,8,5,5,5,4227,1,92,1,999,16,7,12,1,0,22480,1,0
594,10,5,3,5,10,0,121,1,2179,4,5,12,1,0,36950,1,0
598,13,5,5,5,20409,0,81,1,1199,26,7,9,1,0,18990,2,0
798,18,5,5,5,84993,1,85,0,1968,4,6,10,1,0,25930,3,0
70,18,5,5,5,89539,1,85,0,1496,4,7,1,1,0,18950,4,0
589,8,5,5,5,15000,1,116,0,1332,10,7,7,1,1,34698,1,0
27,12,5,5,4,171250,0,130,1,1968,3,4,7,1,3,14950,11,-1
32,8,5,5,4,32120,1,110,0,1498,25,7,1,1,1,32790,2,-1
29,4,5,4,4,67050,1,210,0,2967,3,8,12,1,1,54990,4,0
35,8,2,5,5,25,1,150,0,1968,4,7,1,1,0,55490,1,-2
179,8,4,5,5,5,1,287,0,2480,21,7,1,1,1,57470,0,-3
121,8,1,5,5,4800,1,250,0,2993,4,5,7,3,1,76989,1,0
697,8,3,5,5,10,1,110,0,1968,4,7,1,5,0,49660,1,0
802,2,5,4,4,52660,1,55,1,999,11,4,1,1,0,7900,10,-1
698,13,5,5,5,108250,1,110,0,1968,3,8,7,1,0,20890,4,0
462,13,5,5,5,28937,1,143,0,1950,4,7,1,1,2,49400,3,0
27,13,5,5,5,52000,1,150,0,1968,3,5,1,1,3,34300,4,0
425,13,5,5,4,112464,1,100,1,2143,3,4,7,1,0,14950,9,0
660,2,3,5,5,10,1,67,1,999,20,7,1,1,0,22497,1,0
560,18,5,5,4,48800,1,120,0,2143,4,5,12,5,0,40890,5,0
774,8,3,5,5,10,0,81,0,999,20,7,8,1,0,29440,1,0
310,8,3,5,5,15,1,150,0,1,10,5,7,1,1,48490,1,0
473,8,5,5,5,38164,1,300,0,1968,10,5,7,1,1,61885,2,0
179,8,5,5,5,108500,1,180,0,1395,10,5,1,1,1,34900,2,0
27,13,4,5,5,50,1,150,0,1968,3,5,12,1,3,59970,0,0
602,2,5,5,5,13929,1,74,0,1199,16,5,2,1,3,20207,1,0
355,12,1,5,5,1001,1,100,0,1499,27,7,1,1,0,29990,0,-3
241,8,5,5,4,3600,1,140,0,1995,3,7,1,1,5,35990,1,0
496,8,5,5,4,110985,1,150,0,2143,3,5,1,5,1,30499,4,-1
608,12,5,5,5,77800,1,147,0,1598,11,8,2,1,3,21860,5,-2
528,12,5,5,4,33060,1,243,0,2925,4,5,1,1,1,134900,2,-1
796,8,5,5,5,23552,1,147,0,1968,21,7,2,1,4,45740,1,0
768,13,5,5,4,116350,0,110,0,1968,4,8,7,1,5,22980,4,0
94,13,5,5,4,116700,1,180,0,1997,16,5,10,1,1,24880,7,0
33,8,5,5,4,123000,0,103,1,1968,3,5,10,5,2,13990,10,0
602,2,5,5,5,20943,1,74,1,1199,26,7,10,1,2,15490,3,0
71,3,5,4,2,45000,1,100,1,1499,11,5,12,1,1,25780,5,0
454,4,5,4,4,75443,1,320,0,2999,21,5,1,1,1,72670,3,0
264,13,5,5,5,87773,0,104,1,1798,16,4,10,1,0,11950,8,0
758,13,5,5,5,100000,0,110,1,1968,4,7,2,1,5,20970,3,0
657,8,3,5,5,10,0,103,0,1332,21,7,7,1,0,32987,1,0
118,8,5,5,4,56300,1,141,0,1998,11,8,7,1,1,29480,5,0
741,12,5,5,2,40776,1,73,1,1329,16,4,9,5,2,8350,11,0
684,8,5,5,5,18990,1,110,0,1498,20,7,9,1,0,25630,2,0
120,8,5,5,4,57800,1,140,0,1995,4,5,2,1,1,30880,6,0
95,12,5,5,4,43050,1,185,0,1998,11,6,1,1,1,34780,6,-1
33,8,5,5,4,85517,1,135,0,1968,3,5,1,1,5,26950,6,0
74,18,5,5,5,47788,0,165,0,1499,10,5,1,5,0,24590,4,-1
602,12,5,5,5,8140,1,74,1,1199,11,7,2,1,2,18980,1,0
468,12,5,5,4,211741,1,300,0,4663,20,4,4,1,0,17650,10,0
247,18,5,5,5,65900,0,140,0,1995,4,8,12,1,3,33470,4,0
328,8,5,5,4,35844,1,225,0,2993,3,5,7,1,1,53850,4,0
24,13,5,5,4,990,1,150,0,1968,3,5,7,1,0,45000,0,-3
485,8,5,5,5,25022,1,110,0,1950,4,7,1,1,2,39335,3,0
300,8,5,5,5,22496,1,103,0,2000,4,5,12,5,1,27950,4,-1
80,13,5,5,5,43532,1,140,0,1995,10,5,1,1,1,36890,3,0
697,8,2,7,5,8164,1,110,0,1500,21,7,7,1,3,43890,1,-2
80,13,5,5,4,57578,1,140,0,1995,3,6,7,1,3,30999,4,0
23,12,5,5,5,51300,1,110,0,1395,11,5,10,1,3,23480,7,0
496,4,5,5,4,97057,1,150,0,2143,4,5,12,1,1,39880,4,0
26,12,5,4,4,177740,1,180,1,2967,3,4,1,1,3,15300,10,-2
589,12,5,5,5,9000,0,116,0,1332,21,7,9,1,0,34990,1,0
684,8,5,5,5,34600,1,85,0,999,11,5,1,1,2,19240,5,0
754,12,5,5,5,34850,0,180,0,1984,20,6,9,1,0,26000,4,0
23,12,5,5,4,66964,1,110,0,1395,16,5,9,1,0,19970,6,-1
124,8,5,5,4,40220,1,250,0,2998,11,6,12,1,1,62000,4,0
185,13,3,5,4,0,0,74,1,999,13,7,1,1,0,21990,1,0
329,8,5,5,5,68383,1,132,0,1999,4,8,7,0,1,34700,4,0
796,8,5,7,5,14139,1,110,1,1498,20,7,2,1,0,37149,1,0
783,18,5,4,4,49900,0,150,0,1968,4,5,7,1,5,67690,4,0
80,13,5,5,5,175550,1,140,0,1995,4,8,1,1,3,24950,3,0
355,12,5,5,5,14990,1,100,0,1499,17,5,9,1,2,30685,1,0
202,4,5,2,2,7675,1,529,0,3902,27,5,1,1,1,329500,2,0
768,13,3,5,5,10,1,90,0,1968,3,7,7,1,0,36980,1,0
63,12,5,5,5,29000,1,85,1,1496,4,5,1,1,0,17420,6,0
795,8,3,5,5,10,1,110,0,1498,20,7,1,1,0,50990,1,0
33,8,5,5,4,11748,1,110,0,1498,21,7,1,1,3,41490,1,-2
23,12,5,5,3,147000,1,75,0,1595,20,3,10,1,0,6880,16,0
236,13,5,5,4,107521,0,110,0,1995,3,5,12,4,1,15999,3,-2
767,13,5,5,4,94000,1,140,0,1968,3,5,1,5,0,25590,4,0
236,13,5,5,4,118978,1,110,1,1596,16,4,9,1,0,10990,11,0
184,8,4,5,5,100,1,110,0,1332,21,7,7,1,0,24939,0,0
583,2,5,5,4,36000,1,66,1,1461,3,5,9,5,1,14990,5,0
697,8,5,7,5,59987,1,132,0,1984,20,5,12,1,1,35760,6,0
752,12,5,5,4,69000,1,221,0,1984,16,5,1,1,1,29990,8,0
27,13,5,5,4,119000,1,140,0,1968,3,5,1,1,0,10290,7,0
27,13,5,5,5,206000,0,150,0,2967,4,4,1,1,3,15970,10,-1
241,8,5,5,5,14455,1,110,1,1496,26,7,7,1,3,30950,2,-2
127,8,5,5,5,32000,1,460,0,4395,21,5,12,1,1,112820,3,0
670,12,3,5,5,10,1,160,0,0,10,5,7,1,0,51289,1,0
87,4,1,4,2,0,0,135,0,1998,21,7,12,2,0,51990,0,0
27,13,5,5,5,47700,1,170,0,2967,4,5,1,1,1,39770,4,0
491,8,5,5,5,5900,1,110,0,1950,4,7,1,1,2,59880,1,-2
819,4,5,2,3,16511,1,60,0,1968,10,5,12,1,0,11495,4,0
483,8,4,5,5,40,1,430,0,3982,20,5,2,1,1,249900,1,-2
743,1,3,5,5,10,0,81,1,1968,4,7,12,5,0,46765,1,0
97,13,5,5,4,90825,1,235,0,2993,3,6,12,1,1,39000,4,-1
687,12,5,5,4,118713,1,77,1,1197,16,5,7,1,3,8590,10,-1
617,18,5,5,5,79622,1,125,0,1598,11,5,10,1,2,19980,6,-1
95,12,5,5,4,48820,1,185,0,1998,10,5,1,1,1,35500,4,-1
188,2,3,5,4,0,0,74,1,999,13,7,10,1,0,20790,1,0
390,12,5,5,4,128000,1,77,1,1598,16,3,10,1,0,4997,17,0
226,19,4,9,4,10,0,96,1,1995,4,7,10,1,0,49950,0,0
26,12,5,5,5,22217,1,140,0,1984,20,5,1,1,1,34990,5,0
723,12,5,5,4,20000,1,350,0,1968,10,5,1,1,1,46999,3,0
794,8,3,5,5,8,0,70,1,999,20,7,7,1,0,25590,1,0
655,12,1,5,4,14900,1,440,0,1968,10,5,12,1,5,143900,0,0
420,12,5,5,4,80000,1,115,0,1991,16,5,1,1,2,16880,8,0
147,8,5,7,5,138740,1,135,0,2231,4,4,12,1,1,15790,10,-1
33,8,4,5,5,10,1,110,0,1498,26,7,12,1,0,44548,1,0
219,18,5,5,5,165000,0,74,1,1910,4,3,2,2,0,2900,18,0
329,8,5,7,5,84600,1,110,0,1999,4,5,12,1,0,26985,6,-1
752,12,5,5,5,52000,0,110,0,1968,4,7,1,1,5,23670,4,0
99,13,5,5,5,98358,1,294,0,2993,4,8,1,2,1,48940,4,1
160,2,5,5,5,2023,0,60,1,1199,26,7,0,1,0,16850,0,0
28,13,5,5,5,29722,1,180,0,2967,4,5,1,1,1,62970,1,0
795,8,2,5,5,1095,1,110,0,1500,21,7,12,1,0,36490,1,-2
631,13,5,5,4,97000,1,130,0,1997,3,5,1,1,3,17499,5,0
768,13,5,5,5,83500,1,110,1,1968,4,4,7,1,0,19890,5,0
558,18,5,6,4,70000,1,176,0,1950,4,8,12,1,1,58570,4,0
587,8,5,4,4,88010,1,140,1,2488,4,4,1,1,2,23880,9,0
602,2,1,5,5,100,1,100,0,1968,10,5,12,1,0,23490,1,0
79,13,5,5,4,112000,1,110,1,1995,3,5,2,1,2,19990,4,0
645,4,5,5,2,28488,1,331,0,2981,27,5,10,1,1,134900,5,-2
401,5,5,5,5,58563,0,190,0,2987,3,5,1,1,0,52950,5,-1
51,12,5,4,5,56865,1,257,0,2967,4,5,2,1,1,71740,4,0
95,12,5,5,4,17000,1,185,0,1998,10,8,2,1,1,40997,3,-2
118,8,1,5,5,5300,1,225,0,1998,21,7,2,1,1,48998,1,-2
72,3,5,4,3,24146,1,135,0,1998,21,8,1,4,0,35490,2,-1
62,8,1,5,5,14050,1,455,0,0,10,5,7,5,1,119900,1,-2
745,13,5,5,5,21550,0,147,0,1968,3,7,10,1,1,43650,1,-2
408,12,5,5,4,79500,1,66,1,1461,3,5,1,1,0,18780,6,0
87,4,5,4,3,8790,1,135,0,1998,20,7,1,1,5,45950,2,-1
392,12,5,5,4,40000,1,135,1,2191,3,8,12,1,1,23880,5,0
117,8,5,5,4,199000,1,105,1,1995,3,5,1,1,1,8990,13,0
726,12,2,5,5,100,1,393,0,1968,10,5,12,1,1,63990,1,-2
235,12,5,5,5,14153,1,92,1,999,19,7,7,1,0,20450,2,-2
246,8,3,5,4,44225,0,156,0,1996,3,7,8,1,1,49990,1,0
314,12,5,5,5,66000,1,80,1,1396,20,4,1,1,0,10490,8,-1
496,8,5,5,4,92558,1,155,0,1991,16,5,1,1,1,32880,7,0
91,13,5,5,4,178000,1,140,0,1995,3,5,2,1,1,25499,5,0
598,13,5,5,4,123600,1,100,0,1598,3,5,2,1,3,13950,6,0
617,18,5,7,4,240000,0,74,1,1910,3,3,10,1,0,1999,18,0
497,4,5,5,4,29777,1,180,0,1991,16,8,7,1,1,45880,5,0
642,4,5,4,2,6120,1,478,0,3745,29,5,7,4,1,255870,2,-1
758,13,5,5,5,205900,0,110,1,1968,3,4,1,1,0,9900,9,0
492,8,5,5,4,45000,1,140,0,1950,3,7,12,1,5,42990,2,0
794,8,5,5,5,16833,0,81,0,999,16,7,6,1,0,24950,1,0
50,12,5,4,4,57000,0,257,0,2967,4,8,12,1,5,58970,4,0
54,8,5,5,4,190600,1,230,0,2967,3,4,1,1,1,24780,10,-1
796,8,5,5,5,24500,0,176,0,1968,4,8,12,1,0,37900,4,-1
226,10,5,3,4,71800,0,74,1,1499,4,5,12,1,0,15985,7,0
553,13,5,9,4,60000,1,120,0,2143,3,5,1,1,0,54133,3,0
247,18,5,5,5,65200,1,121,1,1498,11,8,9,1,2,23480,4,-1
23,13,5,5,5,9730,1,110,0,1498,26,8,12,1,0,23890,3,0
690,8,5,5,5,74236,1,140,0,1984,21,8,7,1,3,30950,3,0
486,8,5,5,5,64100,1,125,0,2143,3,5,1,1,3,22490,9,-2
745,12,5,5,5,86800,1,110,0,1968,3,5,12,1,3,27900,5,0
328,8,5,5,5,41961,1,225,0,2993,4,8,1,5,1,53890,4,0
797,8,5,5,5,99900,0,210,0,2967,4,8,6,1,1,47970,5,0
94,12,5,5,4,93224,1,180,0,1997,16,4,4,1,1,18950,12,0
245,8,5,5,5,32859,1,114,1,1000,26,7,7,5,3,25490,2,1
608,12,5,5,5,98113,0,154,0,1956,4,5,1,1,1,19900,5,0
773,18,5,7,5,68950,0,110,1,1395,20,5,1,1,1,27345,5,0
668,18,4,3,5,10,1,100,1,2299,4,7,12,1,0,36950,0,0
35,8,5,5,5,65818,1,140,0,1968,4,8,1,1,1,36280,4,0
185,18,4,5,5,100,1,74,1,999,22,7,7,1,0,22497,0,0
800,12,1,5,5,2244,1,100,0,0,10,7,12,1,0,21900,1,-1
24,13,5,5,4,188756,1,140,0,1968,3,5,1,1,0,13999,8,-2
457,13,5,5,4,92000,1,143,0,1950,3,5,7,1,5,32800,5,0
133,2,5,4,3,67086,0,75,0,647,10,5,1,3,1,28990,5,0
187,13,5,5,5,99330,1,66,1,1461,3,4,9,1,0,8990,9,0
105,12,5,5,4,79987,1,290,0,2998,10,6,1,1,1,62500,4,-1
24,13,5,5,4,102000,1,110,0,1968,3,8,10,1,1,22500,4,0
26,12,5,5,5,68895,1,180,0,1984,16,8,1,1,0,30480,4,0
234,8,5,6,4,107000,1,295,0,5031,11,5,10,1,1,39999,4,0
27,12,5,5,4,84000,0,210,0,2967,4,8,1,1,1,43970,4,0
583,2,5,5,4,120817,1,59,0,1198,16,4,6,4,2,7250,12,0
497,8,5,5,5,30597,1,155,0,1991,10,7,12,1,0,44485,3,0
47,13,5,5,5,1017,1,228,0,1984,29,5,13,1,3,57790,0,-2
702,13,5,5,4,261000,0,125,0,1968,3,4,1,1,0,9990,8,0
319,8,4,5,5,15,1,74,0,998,25,7,7,1,0,23990,0,-1
795,8,5,5,5,117000,1,110,1,1968,3,8,7,1,0,23800,3,0
506,4,5,5,4,86361,1,287,0,2996,17,8,1,1,1,59880,4,0
752,12,5,5,5,7757,1,81,1,999,20,5,7,1,0,23979,1,0
38,4,5,2,2,59900,1,449,0,5204,20,5,12,1,1,108900,7,-1
421,12,5,5,4,80000,1,135,0,1991,16,5,7,1,1,19880,8,0
620,19,4,3,4,100,0,103,0,1968,3,7,12,1,0,53148,1,-1
428,13,5,5,4,64138,1,155,0,1991,16,5,1,1,1,27380,8,0
381,12,5,5,4,40000,1,75,1,1499,16,5,1,1,0,15999,5,0
27,13,5,5,5,68459,1,180,0,1984,16,8,1,1,0,31980,3,0
171,12,5,5,5,10,0,100,0,1968,10,5,7,4,3,33850,0,0
375,12,1,4,3,4200,1,170,0,1998,21,5,1,1,1,39489,1,-2
374,8,5,5,5,30246,0,165,0,1499,10,8,7,1,1,29490,4,0
188,12,5,5,4,33600,1,66,1,898,11,6,2,1,0,13480,4,-1
607,8,5,5,5,14280,1,133,0,1598,16,7,7,1,3,25985,2,-1
674,17,3,3,4,0,1,125,1,1997,4,7,12,1,0,42997,1,0
805,12,5,5,4,53760,1,288,0,1969,20,8,1,1,1,42950,4,0
640,12,5,5,5,15285,1,300,0,1968,10,5,1,5,2,50900,2,0
589,8,4,5,5,15,1,103,1,1332,25,7,1,1,0,31450,0,-3
766,13,5,5,4,75000,1,140,0,1968,3,8,1,1,5,25990,3,0
607,8,5,5,5,45655,1,133,0,1598,26,8,7,1,1,24990,4,0
738,4,5,2,3,99,1,190,0,1998,21,8,7,1,1,46950,2,-1
723,12,5,5,4,20000,1,377,0,1968,10,5,10,1,1,39580,4,0
696,8,5,5,5,10700,1,110,0,1968,4,5,7,1,0,35980,1,0
75,3,5,4,2,50000,0,185,0,1998,11,5,12,5,1,29990,3,-1
608,12,5,5,4,101000,1,103,1,1490,18,8,7,1,3,16890,5,0
124,8,5,5,5,29987,1,195,0,2993,4,5,7,1,1,62470,4,0
608,12,5,5,4,40500,1,169,0,1998,18,7,1,1,1,32800,3,0
770,12,5,5,4,89580,0,70,1,999,20,8,12,1,0,14888,4,-2
752,12,5,5,5,18700,0,150,0,1395,10,5,12,1,5,26770,3,0
651,8,5,5,4,99977,1,283,0,4134,4,5,1,1,1,51840,5,0
199,12,5,2,2,1315,1,588,0,6496,16,5,6,3,1,489000,2,-1
608,12,5,5,5,48169,1,128,0,1995,4,7,10,1,3,20980,2,0
117,8,5,5,5,92536,1,110,0,1995,3,5,12,3,1,33900,5,0
651,8,5,4,5,37700,1,404,0,3996,16,5,12,1,1,124900,4,0
770,4,5,5,2,112043,1,40,1,1263,11,5,5,5,2,4250,35,0
642,4,5,2,2,16914,1,305,1,3600,27,5,8,1,5,209990,16,0
758,13,5,5,4,91000,1,221,0,1984,16,5,1,1,1,25740,7,0
54,8,5,5,5,39435,1,255,0,2967,4,8,12,1,1,56490,4,0
816,8,5,5,5,89987,1,173,0,1969,4,5,12,1,0,39480,4,0
668,18,4,3,5,100,1,100,1,2299,4,7,12,1,0,36350,0,0
373,12,5,4,2,5200,0,135,0,1968,10,5,6,5,3,28900,1,-2
793,18,5,7,5,6499,1,110,0,1400,21,8,10,4,1,79990,1,-2
166,8,1,5,5,10,1,96,0,1199,21,8,12,1,1,37990,1,0
632,8,5,5,5,39100,1,96,0,1199,20,5,1,1,3,27380,4,0
702,13,5,5,4,280000,0,125,0,1968,3,4,1,1,1,8980,12,-1
660,2,3,5,5,10,1,67,1,999,20,7,2,1,0,22497,1,0
608,13,5,5,5,26227,1,125,0,1998,26,7,10,1,2,28990,2,0
312,2,4,5,5,20,1,62,1,1197,25,7,1,1,0,15990,0,-3
725,8,5,5,4,35000,1,306,0,1968,10,5,12,1,1,59999,5,-2
795,8,5,5,4,120000,1,132,0,1984,16,4,7,1,5,15480,10,0
90,4,2,4,2,11478,1,275,0,2998,17,5,1,1,1,61790,1,0
91,13,5,5,5,67745,1,140,0,1995,4,8,1,5,1,43950,3,0
558,18,5,7,4,40000,1,174,0,1950,4,8,2,1,2,66880,2,0
625,8,5,5,5,2458,0,74,1,1199,16,7,8,1,0,22950,1,0
91,13,5,5,5,23560,1,140,0,1995,4,8,7,1,0,34450,3,0
598,13,5,5,5,104495,0,66,1,1496,4,8,12,1,3,13440,3,0
583,12,5,5,4,130000,1,48,1,1240,11,3,10,1,0,3450,18,0
642,4,5,4,2,99468,1,316,0,3800,16,5,12,1,5,99480,8,0
235,12,5,5,5,45777,1,74,0,998,20,5,1,1,0,18990,4,-1
116,4,3,5,4,0,1,390,0,4395,28,7,2,5,1,127770,1,0
378,8,5,5,4,70500,1,170,0,1998,11,5,1,1,5,28900,6,-1
226,10,5,3,5,139600,0,77,1,1995,3,5,12,1,0,18290,4,0
85,12,5,5,4,17534,1,250,0,2993,4,7,2,2,1,66440,1,0
560,17,5,3,5,156128,0,100,1,2143,4,5,12,1,0,19992,6,0
65,12,5,5,4,30000,1,140,0,1995,4,8,7,1,1,32370,3,0
98,12,1,5,4,4080,1,290,0,2998,21,7,1,1,1,75789,1,-3
457,13,5,5,5,75000,0,143,0,1950,4,7,12,1,1,36970,4,0
91,13,5,5,5,42829,1,140,0,1995,10,8,1,1,1,37900,3,0
565,8,5,5,5,22531,0,86,1,1590,16,5,7,1,0,14450,7,0
144,8,5,7,4,109500,1,313,0,6162,16,5,1,1,1,60999,8,0
184,8,3,5,4,0,1,96,1,1332,20,7,7,1,0,22490,1,0
698,13,2,5,5,25,1,85,0,1968,3,7,7,1,0,33890,1,-2
668,18,4,3,5,100,1,100,1,2299,4,7,12,1,0,36350,1,0
83,13,2,5,5,12639,0,210,0,2993,4,5,12,1,0,55980,1,-2
726,8,4,5,5,100,1,378,0,1968,10,5,1,1,1,56990,1,-2
496,8,5,5,4,95110,1,150,0,2143,4,5,7,1,1,34880,6,0
788,18,3,4,3,1,1,110,1,1968,4,8,7,1,0,68007,1,0
33,8,5,5,4,98049,1,155,0,1984,16,4,12,1,3,23370,9,0
33,8,5,5,5,17000,1,180,0,1984,16,5,9,1,1,52970,2,-1
726,12,2,5,5,30,1,378,0,1968,10,5,12,1,1,58990,1,-2
688,12,5,5,5,24490,1,150,0,1395,10,7,1,1,0,25980,3,0
745,13,5,5,5,21800,1,235,0,1984,29,7,1,1,1,48900,2,0
752,12,5,5,4,32850,1,81,1,999,16,7,7,1,0,20750,2,0
91,13,5,5,5,114900,1,140,0,1995,4,5,1,1,1,26840,7,0
80,13,5,5,4,58000,0,135,0,1998,25,5,12,5,3,24890,6,-1
117,8,5,5,5,91815,1,110,0,1995,4,5,1,1,0,24900,7,0
607,8,5,5,4,45000,1,96,0,1199,18,7,12,1,0,19950,3,0
795,8,5,5,4,147384,1,110,0,1968,3,5,1,1,4,19599,5,0
462,12,5,5,4,90000,1,225,0,1950,4,5,7,1,3,46480,3,0
775,8,5,5,5,12452,1,110,0,1498,21,5,2,1,4,30897,1,0
36,8,5,5,5,118500,1,210,0,2967,3,8,7,1,1,52900,5,0
26,4,5,4,4,72000,1,140,0,1968,3,5,1,1,0,25990,5,0
71,18,5,5,5,48975,0,110,0,1995,4,7,2,5,0,30890,2,0
72,3,5,4,3,19044,1,135,0,1998,21,8,1,4,0,33990,2,-1
642,3,5,4,2,159138,0,261,0,3824,11,4,12,1,1,55890,16,0
818,12,5,4,5,15174,1,60,0,1968,10,5,9,1,1,16995,4,0
685,8,5,5,5,36296,1,110,0,1968,4,6,1,1,0,34930,2,0
748,18,5,5,5,93700,1,110,0,1968,3,5,1,1,3,25990,7,-1
210,18,5,5,4,100000,1,70,1,1368,16,5,1,3,3,12980,7,0
722,8,5,5,4,90000,1,88,1,1598,3,5,1,1,0,15999,7,0
785,18,3,9,4,10,0,110,1,1968,3,7,12,1,0,47970,1,0
687,12,5,5,4,11995,0,70,1,999,20,7,12,4,0,16980,2,0
589,8,5,5,5,35000,0,117,0,1332,25,8,1,5,3,23450,3,0
527,12,5,5,4,139843,1,190,0,2987,3,4,1,1,1,29950,10,0
242,13,5,5,4,40000,1,155,0,1997,4,5,12,1,1,26880,5,0
33,8,5,5,5,105820,1,110,1,1395,25,5,1,1,0,15990,9,0
184,8,3,5,4,0,0,96,1,1332,20,7,8,1,0,18990,1,0
242,13,5,5,5,58800,1,110,0,1997,4,5,12,1,0,18985,5,0
748,18,5,5,5,124591,1,110,1,1968,4,8,12,1,0,24950,4,-1
774,8,5,5,5,8416,1,110,0,1498,21,7,12,4,3,27950,2,0
773,18,5,5,4,124999,1,103,0,1968,3,4,1,1,0,18490,10,0
556,18,5,6,4,75000,1,140,0,2143,3,8,12,1,1,47999,4,0
426,13,5,5,5,14835,1,147,0,1993,4,7,7,1,2,44845,2,0
291,8,1,5,5,2500,1,405,0,5000,25,7,1,1,4,109950,1,-2
798,18,5,7,5,22722,1,110,0,1498,21,7,7,1,0,34950,2,0
241,8,5,5,4,86000,1,134,0,1498,25,5,1,1,5,21790,5,0
430,12,5,5,4,38158,1,143,0,1950,10,8,12,1,2,41285,3,0
27,13,5,5,5,105000,0,150,0,1968,3,7,12,1,5,35970,3,0
105,12,2,5,5,27686,1,290,0,2998,16,7,7,7,1,82990,2,-1
527,12,5,5,4,86000,1,210,0,2925,3,5,1,0,1,64700,4,0
189,8,3,4,5,10,1,48,0,0,10,5,6,1,0,22769,1,0
504,8,5,5,5,132580,0,190,0,2987,4,6,1,3,2,44950,5,0
752,12,5,5,4,15250,0,100,0,1968,10,5,12,1,0,23475,4,-1
631,12,5,5,5,99480,1,88,1,1560,4,5,12,1,0,10480,8,0
602,2,5,5,4,70400,1,66,1,1398,16,8,10,1,0,10490,5,0
768,13,2,5,5,25975,0,110,0,1968,4,7,2,1,2,37890,1,0
656,10,4,3,5,100,0,100,1,2299,4,7,12,1,0,36350,0,-2
601,18,5,7,5,10,0,96,0,1199,26,7,2,4,0,32850,0,0
236,13,5,5,5,34000,1,88,0,1499,4,5,7,1,0,12985,8,0
607,8,5,5,5,64100,1,96,1,1499,4,8,2,1,3,21440,6,0
585,8,5,5,4,155000,1,170,0,2993,3,4,4,1,1,22950,8,0
179,8,2,5,5,12250,1,110,0,1500,21,7,1,1,3,35890,1,-2
207,2,4,4,3,15,1,70,0,1,10,5,12,4,0,21490,1,-2
117,8,5,5,5,17503,1,100,0,1499,26,7,1,1,1,33998,2,0
685,8,5,5,5,70000,0,110,0,1968,4,7,12,1,5,28470,3,0
795,8,5,5,5,84900,0,110,0,1968,4,8,1,1,0,27900,4,-1
745,12,5,5,5,91125,1,140,0,1968,4,8,7,1,1,28480,3,0
401,14,5,9,5,157911,0,110,0,2148,3,3,6,1,0,15950,17,0
27,13,5,5,5,75000,0,210,0,2967,4,8,1,1,1,47960,4,0
344,8,4,5,5,50,1,135,0,1998,10,8,6,3,1,44390,0,0
702,13,5,5,4,24230,1,200,0,1984,11,7,1,1,5,39990,3,0
23,12,2,5,4,12877,1,110,0,1498,16,5,2,1,0,41290,1,0
695,8,3,5,5,0,0,81,1,999,20,7,7,1,0,32990,1,0
374,8,5,5,5,18752,0,165,0,1499,10,8,12,1,0,30490,4,0
457,13,5,5,5,139800,1,143,0,1950,3,5,1,1,3,23990,5,0
32,8,5,5,5,24533,1,81,1,1000,21,7,1,1,0,26490,2,-1
430,13,5,5,4,8198,1,190,0,1991,17,5,1,1,1,39340,2,0
598,12,5,5,5,59680,1,81,1,1199,26,7,1,1,0,14990,2,0
251,18,5,3,4,139500,1,125,1,1995,4,5,12,1,0,24248,6,0
687,12,5,5,2,161000,0,44,1,1198,16,3,1,4,0,699,15,0
45,13,5,5,5,10937,1,736,0,3996,20,5,1,1,1,189990,1,-2
654,12,3,4,4,44225,0,243,0,2894,16,7,1,1,1,134990,1,0
179,8,5,5,5,43500,1,228,0,1984,29,8,7,1,1,40800,2,0
797,8,5,5,5,81000,0,170,0,2967,4,8,1,1,1,44970,4,0
773,18,5,5,4,213538,0,103,0,1968,3,4,10,1,3,13950,11,0
589,8,4,5,5,15,1,103,1,1332,25,7,9,1,0,28990,0,-3
604,8,5,5,5,9324,1,96,0,1199,20,7,9,1,5,25990,2,0
338,3,3,4,2,10,1,341,0,4969,25,7,7,1,1,136890,1,0
164,18,5,5,5,116954,0,110,0,1997,4,5,1,1,3,14970,7,0
455,18,5,2,4,104440,1,66,1,1461,4,5,1,1,0,12490,4,0
752,12,5,5,5,25538,0,221,0,1984,20,8,12,1,4,38880,1,0
799,18,5,7,4,59987,1,110,0,1968,4,5,1,1,0,40997,5,0
795,8,5,5,5,49733,1,110,1,1968,21,8,7,1,1,30730,4,0
63,12,5,5,4,82350,1,85,1,1496,3,5,12,1,0,15950,5,0
795,8,5,5,4,69000,1,130,0,1968,3,5,12,1,1,21990,9,0
659,8,3,5,5,1,1,67,1,999,16,5,7,1,3,22607,1,0
752,12,5,5,5,38093,1,110,1,1498,20,7,7,1,0,23421,2,0
321,8,5,5,5,11163,1,118,0,1482,21,7,12,1,3,26500,2,0
26,12,5,5,5,39900,1,140,0,1968,4,5,6,1,5,46970,3,0
465,4,5,4,2,100000,1,245,0,2996,16,5,7,1,1,38880,6,0
230,8,5,5,5,3,0,92,1,998,16,7,10,1,3,22450,0,0
797,8,5,5,4,80000,1,150,0,2967,4,5,1,1,1,27880,7,0
783,18,5,4,4,1128,1,110,0,1968,4,7,2,4,0,77990,0,0
155,10,4,3,4,10,0,103,1,2179,4,7,12,1,0,38950,0,0
120,8,5,5,4,71347,1,195,0,2993,3,6,1,1,1,39500,5,0
401,12,5,5,4,46610,0,320,0,2999,20,8,12,1,1,66950,3,0
685,8,5,5,5,27492,1,110,0,1968,4,6,7,1,0,32430,3,0
602,2,5,5,5,38871,0,55,1,1199,25,7,10,1,0,13990,3,0
682,18,5,5,4,19000,1,110,1,1395,16,8,7,1,5,34499,3,0
270,18,5,8,5,125500,1,100,1,2497,3,5,1,4,0,21490,5,0
26,4,5,4,2,192500,1,140,0,2698,3,4,7,1,1,11990,15,0
27,13,5,5,4,99980,1,185,0,1984,16,5,1,1,1,27650,7,0
228,18,5,5,5,79917,1,74,1,998,25,4,10,5,0,10990,8,0
117,8,5,5,5,87227,1,140,0,1995,4,5,10,3,1,26900,6,0
179,8,3,5,5,0,1,110,0,1395,10,5,7,1,3,40990,1,0
794,8,5,5,5,7996,1,110,0,1498,20,8,12,1,0,28990,0,0
576,4,5,2,2,50000,1,241,0,3696,16,8,1,1,1,29480,4,0
27,13,5,5,5,94000,0,250,0,2995,20,7,1,1,1,45970,3,-2
425,12,3,5,4,44225,0,150,0,1496,16,7,1,1,3,54990,1,0
560,18,5,2,4,177321,1,100,1,2143,4,5,12,1,0,16700,5,0
795,8,5,5,5,8,1,235,0,1984,20,7,2,1,0,63980,1,0
698,13,5,5,5,96000,0,110,0,1968,4,5,10,1,0,17390,4,0
346,2,3,2,2,10,1,6,0,480,3,4,7,1,1,20585,1,0
668,18,4,3,5,10,1,100,1,2299,4,8,12,1,0,36950,0,0
401,10,5,6,2,1400,1,120,0,1950,4,5,2,1,2,46880,1,0
553,18,5,2,4,46475,1,120,0,2143,4,5,12,1,0,39950,3,0
62,8,1,5,5,4990,1,385,0,0,10,5,1,1,1,109489,1,0
698,13,5,5,5,64853,1,81,1,1395,6,5,1,1,3,17950,5,0
422,18,5,5,4,50000,1,155,0,1991,16,5,10,1,1,25880,8,0
752,12,5,5,4,13350,1,96,1,1498,11,8,10,1,0,23880,3,0
312,2,4,5,5,15,1,62,1,1197,25,7,7,1,1,19290,0,-1
495,8,5,5,5,59987,1,143,0,1950,4,5,7,1,1,47880,3,0
379,12,5,5,5,25459,0,75,0,1499,21,8,7,4,0,19890,3,0
317,8,5,5,5,27659,1,130,0,1591,20,7,1,4,0,22500,5,-1
695,8,1,5,5,1500,1,110,0,1498,20,5,1,1,0,25980,0,-3
790,8,4,5,5,5,1,110,0,1968,4,7,12,1,0,58470,0,-3
422,12,5,5,5,21439,1,118,0,1332,10,7,1,1,2,35485,2,0
307,12,2,5,5,1000,1,100,0,1598,4,7,12,1,0,28990,0,-1
496,8,5,5,5,71042,1,150,0,2143,4,6,1,1,3,37350,4,0
732,12,2,5,5,60,1,112,0,1987,10,7,1,1,3,30730,1,-2
608,12,5,5,5,50000,1,125,1,1956,4,8,1,1,0,19500,4,0
460,13,5,5,5,114987,1,155,0,1991,20,5,9,1,1,23430,8,0
413,12,5,5,4,23711,1,118,0,1332,10,7,1,1,2,34845,3,0
26,4,2,4,3,27279,1,150,0,1968,4,7,1,1,1,39990,2,0
794,8,5,5,5,10,1,110,0,1498,20,7,1,1,0,28440,0,0
282,8,5,5,5,116300,1,135,0,1995,4,4,1,1,1,12990,11,0
473,8,5,5,5,33000,0,300,0,1968,10,5,10,1,2,49870,4,0
608,13,5,5,4,56655,0,125,1,1956,3,5,12,1,0,17199,4,-1
752,12,5,5,5,3600,1,110,0,1498,20,7,12,1,0,40490,1,0
810,13,5,5,4,261586,0,100,1,1997,3,3,1,1,1,5890,15,0
768,13,1,5,5,4900,1,110,0,1999,4,5,1,1,1,51980,0,0
239,18,4,5,5,10,1,90,1,1968,4,7,1,1,0,33450,1,0
775,8,5,5,5,11312,1,110,0,1498,20,7,7,1,4,30540,1,-2
250,18,4,8,5,35,1,125,0,2000,4,5,7,1,0,52949,0,0
666,18,5,5,4,80283,1,55,0,1968,11,5,2,5,2,8450,21,-1
236,13,5,5,5,25023,1,92,1,998,26,7,2,1,0,21490,2,1
457,13,5,5,5,27714,1,143,0,1950,4,5,10,1,2,45845,2,0
43,13,5,5,5,192209,1,331,0,2894,28,4,9,1,1,37990,10,-1
492,8,1,5,5,27589,1,140,0,1950,3,5,10,1,5,46470,2,0
242,13,5,5,5,19378,1,110,1,1997,4,7,7,1,5,34490,2,1
91,13,5,5,5,34213,0,140,0,1995,4,8,1,5,3,37590,4,0
589,8,5,5,5,10554,1,103,1,1332,21,7,7,1,0,27950,1,0
181,12,5,5,4,14980,0,221,0,1984,20,7,7,1,0,37988,1,-2
350,10,5,9,5,19980,0,130,1,1968,4,5,8,1,0,57450,2,0
